gene,mimNumber,preferredTitle,uniprot_id
CDK5,123831,CYCLIN-DEPENDENT KINASE 5; CDK5,Q00535
CSNK2A1,115440,"CASEIN KINASE II, ALPHA-1; CSNK2A1",P68400
GRK1,180381,G PROTEIN-COUPLED RECEPTOR KINASE 1; GRK1,Q15835
MET,164860,"MET PROTOONCOGENE, RECEPTOR TYROSINE KINASE; MET",P08581
RIPK4,605706,RECEPTOR-INTERACTING SERINE-THREONINE KINASE 4; RIPK4,P57078
NPR2,607072,"NPR2-LIKE PROTEIN, GATOR1 COMPLEX SUBUNIT; NPRL2",Q8WTW4
STRADA,608626,STE20-RELATED KINASE ADAPTOR ALPHA; STRADA,Q7RTN6
ROR2,602337,RECEPTOR TYROSINE KINASE-LIKE ORPHAN RECEPTOR 2; ROR2,Q01974
FGFR1,136350,FIBROBLAST GROWTH FACTOR RECEPTOR 1; FGFR1,P11362
PAK1,602590,p21 PROTEIN-ACTIVATED KINASE 1; PAK1,Q13153
MAPKAPK3,602130,MITOGEN-ACTIVATED PROTEIN KINASE-ACTIVATED PROTEIN KINASE 3; MAPKAPK3,Q16644
EIF2AK3,604032,EUKARYOTIC TRANSLATION INITIATION FACTOR 2-ALPHA KINASE 3; EIF2AK3,Q9NZJ5
MAPK10,602897,MITOGEN-ACTIVATED PROTEIN KINASE 10; MAPK10,P53779
LYN,165120,"LYN PROTOONCOGENE, SRC FAMILY TYROSINE KINASE; LYN",P07948
PRKD1,605435,PROTEIN KINASE D1; PRKD1,Q15139
CILK1,612325,INTESTINAL CELL KINASE; ICK,Q9UPZ9
CAMK2B,607707,CALCIUM/CALMODULIN-DEPENDENT PROTEIN KINASE II-BETA; CAMK2B,Q13554
WNK1,605232,"PROTEIN KINASE, LYSINE-DEFICIENT 1; WNK1",Q9H4A3
PDGFRA,173490,"PLATELET-DERIVED GROWTH FACTOR RECEPTOR, ALPHA; PDGFRA",P16234
LRRK2,609007,LEUCINE-RICH REPEAT KINASE 2; LRRK2,Q5S007
PIK3R4,602610,"PHOSPHATIDYLINOSITOL 3-KINASE, REGULATORY SUBUNIT 4; PIK3R4",Q99570
PAK2,605022,p21 PROTEIN-ACTIVATED KINASE 2; PAK2,Q13177
ILK,602366,INTEGRIN-LINKED KINASE; ILK,Q13418
CDK8,603184,CYCLIN-DEPENDENT KINASE 8; CDK8,P49336
RNASEL,180435,RIBONUCLEASE L; RNASEL,Q05823
PRKACB,176892,"PROTEIN KINASE, cAMP-DEPENDENT, CATALYTIC, BETA; PRKACB",P22694
TGFBR2,190182,"TRANSFORMING GROWTH FACTOR-BETA RECEPTOR, TYPE II; TGFBR2",P37173
TTN,188840,TITIN; TTN,Q8WZ42
KALRN,604605,KALIRIN; KALRN,O60229
TGFBR1,190181,"TRANSFORMING GROWTH FACTOR-BETA RECEPTOR, TYPE I; TGFBR1",P36897
ACVR1B,601300,"ACTIVIN A RECEPTOR, TYPE IB; ACVR1B",P36896
CDK6,603368,CYCLIN-DEPENDENT KINASE 6; CDK6,Q00534
INSR,147670,INSULIN RECEPTOR; INSR,P06213
ERBB3,190151,ERB-B2 RECEPTOR TYROSINE KINASE 3; ERBB3,P21860
AKT1,164730,AKT SERINE/THREONINE KINASE 1; AKT1,P31749
POMK,615247,PROTEIN-O-MANNOSE KINASE; POMK,Q9H5K3
HCK,142370,"HCK PROTOONCOGENE, SRC FAMILY TYROSINE KINASE; HCK",P08631
CDK13,603309,CYCLIN-DEPENDENT KINASE 13; CDK13,Q14004
DSTYK,612666,DUAL SERINE/THREONINE AND TYROSINE PROTEIN KINASE; DSTYK,Q6XUX3
MYLK2,606566,MYOSIN LIGHT CHAIN KINASE 2; MYLK2,Q9H1R3
MST1R,600168,MACROPHAGE STIMULATING 1 RECEPTOR; MST1R,Q04912
PI4KA,600286,"PHOSPHATIDYLINOSITOL 4-KINASE, ALPHA; PI4KA",P42356
MTOR,601231,MECHANISTIC TARGET OF RAPAMYCIN; MTOR,P42345
FLT4,136352,FMS-LIKE TYROSINE KINASE 4; FLT4,P35916
RPS6KA3,300075,RIBOSOMAL PROTEIN S6 KINASE A3; RPS6KA3,P51812
TRIO,609761,TRIO- AND F-ACTIN-BINDING PROTEIN; TRIOBP,Q9H2D6
TTBK2,611695,TAU TUBULIN KINASE 2; TTBK2,Q6IQ55
TNK2,606994,"TYROSINE KINASE, NONRECEPTOR, 2; TNK2",Q07912
BMPR1B,603248,"BONE MORPHOGENETIC PROTEIN RECEPTOR, TYPE IB; BMPR1B",O00238
ERBB4,600543,ERB-B2 RECEPTOR TYROSINE KINASE 4; ERBB4,Q15303
JAK1,147795,JANUS KINASE 1; JAK1,P23458
IRAK4,606883,INTERLEUKIN 1 RECEPTOR-ASSOCIATED KINASE 4; IRAK4,Q9NWZ3
AURKC,603495,AURORA KINASE C; AURKC,Q9UQB9
TYK2,176941,TYROSINE KINASE 2; TYK2,P29597
MAST3,612258,MICROTUBULE-ASSOCIATED SERINE/THREONINE KINASE 3; MAST3,O60307
TRPM7,605692,"TRANSIENT RECEPTOR POTENTIAL CATION CHANNEL, SUBFAMILY M, MEMBER 7; TRPM7",Q96QT4
TAOK1,610266,TAO KINASE 1; TAOK1,Q7L7X3
WNK4,601844,"PROTEIN KINASE, LYSINE-DEFICIENT 4; WNK4",Q96J92
TRPM6,607009,"TRANSIENT RECEPTOR POTENTIAL CATION CHANNEL, SUBFAMILY M, MEMBER 6; TRPM6",Q9BX84
BMPR1A,601299,"BONE MORPHOGENETIC PROTEIN RECEPTOR, TYPE IA; BMPR1A",P36894
ANKK1,608774,ANKYRIN REPEAT- AND KINASE DOMAIN-CONTAINING PROTEIN 1; ANKK1,Q8NFD2
ITK,186973,IL2-INDUCIBLE T-CELL KINASE; ITK,Q08881
NEK10,618726,NIMA-RELATED KINASE 10; NEK10,Q6ZWH5
PIK3CA,171834,"PHOSPHATIDYLINOSITOL 3-KINASE, CATALYTIC, ALPHA; PIK3CA",P42336
PKDCC,614150,"PROTEIN KINASE DOMAIN-CONTAINING PROTEIN, CYTOPLASMIC; PKDCC",Q504Y2
FAM20C,611061,"FAMILY WITH SEQUENCE SIMILARITY 20, MEMBER C; FAM20C",Q8IXL6
PIKFYVE,604632,VAC14 COMPONENT OF PIKFYVE COMPLEX; VAC14,Q08AM6
ALK,105590,ANAPLASTIC LYMPHOMA KINASE; ALK,Q9UM73
STK33,607670,SERINE/THREONINE PROTEIN KINASE 33; STK33,Q9BYT3
ROR1,602336,RECEPTOR TYROSINE KINASE-LIKE ORPHAN RECEPTOR 1; ROR1,Q01973
EIF2AK2,176871,EUKARYOTIC TRANSLATION INITIATION FACTOR 2-ALPHA KINASE 2; EIF2AK2,P19525
CHEK2,604373,CHECKPOINT KINASE 2; CHEK2,O96017
TEK,600221,"TEK TYROSINE KINASE, ENDOTHELIAL; TEK",Q02763
MAPKAPK5,606723,MITOGEN-ACTIVATED PROTEIN KINASE-ACTIVATED PROTEIN KINASE 5; MAPKAPK5,Q8IW41
PINK1,608309,PTEN-INDUCED KINASE 1; PINK1,Q9BXM7
MARK3,602678,MAP/MICROTUBULE AFFINITY-REGULATING KINASE 3; MARK3,P27448
CHUK,600664,COMPONENT OF NUCLEAR FACTOR KAPPA-B KINASE COMPLEX; CHUK,O15111
NEK2,604043,NIMA-RELATED KINASE 2; NEK2,P51955
AKT2,164731,AKT SERINE/THREONINE KINASE 2; AKT2,P31751
SPEG,615950,SPEG COMPLEX LOCUS; SPEG,Q15772
DYRK1B,604556,DUAL-SPECIFICITY TYROSINE PHOSPHORYLATION-REGULATED KINASE 1B; DYRK1B,Q9Y463
KDR,191306,KINASE INSERT DOMAIN RECEPTOR; KDR,P35968
LRRK1,610986,LEUCINE-RICH REPEAT KINASE 1; LRRK1,Q38SD2
EPHA10,611123,EPHRIN RECEPTOR EphA10; EPHA10,Q5JZY3
NEK1,604588,NIMA-RELATED KINASE 1; NEK1,Q96PY6
JAK2,147796,JANUS KINASE 2; JAK2,O60674
WEE2,614084,WEE1 HOMOLOG 2; WEE2,P0C1S8
ACVR1,102576,"ACTIVIN A RECEPTOR, TYPE I; ACVR1",Q04771
FGR,164940,"FGR PROTOONCOGENE, SRC FAMILY TYROSINE KINASE; FGR",P09769
BLK,191305,"BLK PROTOONCOGENE, SRC FAMILY TYROSINE KINASE; BLK",P51451
CAMK2A,114078,CALCIUM/CALMODULIN-DEPENDENT PROTEIN KINASE II-ALPHA; CAMK2A,Q9UQM7
AKT3,611223,AKT SERINE/THREONINE KINASE 3; AKT3,Q9Y243
ACVRL1,601284,"ACTIVIN A RECEPTOR, TYPE II-LIKE 1; ACVRL1",P37023
CDK10,603464,CYCLIN-DEPENDENT KINASE 10; CDK10,Q15131
FGFR3,134934,FIBROBLAST GROWTH FACTOR RECEPTOR 3; FGFR3,P22607
TRRAP,603015,TRANSFORMATION/TRANSCRIPTION DOMAIN-ASSOCIATED PROTEIN; TRRAP,Q9Y4A5
CASK,300172,CALCIUM/CALMODULIN-DEPENDENT SERINE PROTEIN KINASE; CASK,O14936
ACVR2B,602730,"ACTIVIN A RECEPTOR, TYPE IIB; ACVR2B",Q13705
MASTL,608221,MICROTUBULE-ASSOCIATED SERINE/THREONINE KINASE-LIKE; MASTL,Q96GX5
NEK8,609799,NIMA-RELATED KINASE 8; NEK8,Q86SG6
FLT3,136351,FMS-RELATED TYROSINE KINASE 3; FLT3,P36888
TEX14,605792,TESTIS-EXPRESSED GENE 14; TEX14,Q8IWB6
BUB1B,602860,BUB1 MITOTIC CHECKPOINT SERINE/THREONINE KINASE B; BUB1B,O60566
SGK3,607591,SERUM/GLUCOCORTICOID-REGULATED KINASE 3; SGK3,Q96BR1
BMPR2,600799,"BONE MORPHOGENETIC PROTEIN RECEPTOR, TYPE II; BMPR2",Q13873
STK4,604965,SERINE/THREONINE PROTEIN KINASE 4; STK4,Q13043
STK36,607652,SERINE/THREONINE PROTEIN KINASE 36; STK36,Q9NRP7
EIF2AK1,613635,EUKARYOTIC TRANSLATION INITIATION FACTOR 2-ALPHA KINASE 1; EIF2AK1,Q9BQI3
EPHB2,600997,EPHRIN RECEPTOR EphB2; EPHB2,P29323
IRAK3,604459,INTERLEUKIN 1 RECEPTOR-ASSOCIATED KINASE 3; IRAK3,Q9Y616
IKBKB,603258,"INHIBITOR OF NUCLEAR FACTOR KAPPA-B KINASE, SUBUNIT BETA; IKBKB",O14920
DYRK1A,600855,DUAL-SPECIFICITY TYROSINE PHOSPHORYLATION-REGULATED KINASE 1A; DYRK1A,Q13627
CDK19,614720,CYCLIN-DEPENDENT KINASE 19; CDK19,Q9BWU1
MAP2K1,176872,MITOGEN-ACTIVATED PROTEIN KINASE KINASE 1; MAP2K1,Q02750
DMPK,605377,DYSTROPHIA MYOTONICA PROTEIN KINASE; DMPK,Q09013
PIK3CG,601232,"PHOSPHATIDYLINOSITOL 3-KINASE, CATALYTIC, GAMMA; PIK3CG",P48736
MAP2K2,601263,MITOGEN-ACTIVATED PROTEIN KINASE KINASE 2; MAP2K2,P36507
PRKCH,605437,"PROTEIN KINASE C, ETA; PRKCH",P24723
CDC42BPB,614062,"CDC42-BINDING PROTEIN KINASE, BETA; CDC42BPB",Q9Y5S2
ALPK3,617608,ALPHA KINASE 3; ALPK3,Q96L96
PRKCD,176977,"PROTEIN KINASE C, DELTA; PRKCD",Q05655
NEK9,609798,NIMA-RELATED KINASE 9; NEK9,Q8TD19
NTRK1,191315,"NEUROTROPHIC TYROSINE KINASE, RECEPTOR, TYPE 1; NTRK1",P04629
RAF1,164760,"RAF1 PROTOONCOGENE, SERINE/THREONINE KINASE ; RAF1",P04049
SCYL1,607982,SCY1-LIKE 1; SCYL1,Q96KG9
BUB1,602452,BUB1 MITOTIC CHECKPOINT SERINE/THREONINE KINASE; BUB1,O43683
COQ8A,606980,COENZYME Q8A; COQ8A,Q8NI60
ERBB2,164870,ERB-B2 RECEPTOR TYROSINE KINASE 2; ERBB2,P04626
ATM,607585,ATM SERINE/THREONINE KINASE; ATM,Q13315
TP53RK,608679,TP53-REGULATING KINASE; TP53RK,Q96S44
MAP3K7,605101,TAK1-BINDING PROTEIN 2; TAB2,Q9NYJ8
PLK4,605031,POLO-LIKE KINASE 4; PLK4,O00444
VRK1,602168,VRK SERINE/THREONINE KINASE 1; VRK1,Q99986
RIPK1,603453,RECEPTOR-INTERACTING SERINE/THREONINE KINASE 1; RIPK1,Q13546
CHEK1,603078,CHECKPOINT KINASE 1; CHEK1,O14757
CDK4,123829,CYCLIN-DEPENDENT KINASE 4; CDK4,P11802
AURKA,603072,AURORA KINASE A; AURKA,O14965
MAPK1,176948,MITOGEN-ACTIVATED PROTEIN KINASE 1; MAPK1,P28482
WNK3,300358,"PROTEIN KINASE, LYSINE-DEFICIENT 3; WNK3",Q9BYP7
PIK3C2A,603601,"PHOSPHATIDYLINOSITOL 3-KINASE, CLASS 2, ALPHA; PIK3C2A",O00443
CIT,605629,CITRON RHO-INTERACTING SERINE/THREONINE KINASE; CIT,O14578
SYK,600085,PROTEIN-TYROSINE KINASE SYK; SYK,P43405
ABL1,189980,"ABL PROTOONCOGENE 1, NONRECEPTOR TYROSINE KINASE; ABL1",P00519
TBK1,604834,TANK-BINDING KINASE 1; TBK1,Q9UHD2
CHKB,612395,"CHOLINE KINASE, BETA; CHKB",Q9Y259
MERTK,604705,MER TYROSINE KINASE PROTOONCOGENE; MERTK,Q12866
FGFR2,176943,FIBROBLAST GROWTH FACTOR RECEPTOR 2; FGFR2,P21802
PRKACA,601639,"PROTEIN KINASE, cAMP-DEPENDENT, CATALYTIC, ALPHA; PRKACA",P17612
CHKA,118491,"CHOLINE KINASE, ALPHA; CHKA",P35790
PI4K2A,609763,"PHOSPHATIDYLINOSITOL 4-KINASE, TYPE 2, ALPHA; PI4K2A",Q9BTU6
ATR,601215,ATR SERINE/THREONINE KINASE; ATR,Q13535
BRAF,164757,"B-RAF PROTOONCOGENE, SERINE/THREONINE KINASE; BRAF",P15056
PDGFRB,173410,"PLATELET-DERIVED GROWTH FACTOR RECEPTOR, BETA; PDGFRB",P09619
RET,164761,RET PROTOONCOGENE; RET,P07949
TNNI3K,613932,TNNI3-INTERACTING KINASE; TNNI3K,Q59H18
CAMK4,114080,CALCIUM/CALMODULIN-DEPENDENT PROTEIN KINASE IV; CAMK4,Q16566
FAM20A,611062,"FAMILY WITH SEQUENCE SIMILARITY 20, MEMBER A; FAM20A",Q96MK3
CDKL5,300203,CYCLIN-DEPENDENT KINASE-LIKE 5; CDKL5,O76039
PRKCG,176980,"PROTEIN KINASE C, GAMMA; PRKCG",P05129
MUSK,601296,"MUSCLE, SKELETAL, RECEPTOR TYROSINE KINASE; MUSK",O15146
ZAP70,176947,ZETA-CHAIN-ASSOCIATED PROTEIN KINASE; ZAP70,P43403
PRKG2,601591,"PROTEIN KINASE, cGMP-DEPENDENT, TYPE II; PRKG2",Q13237
NTRK2,600456,"NEUROTROPHIC TYROSINE KINASE, RECEPTOR, TYPE 2; NTRK2",Q16620
PIP5K1C,606102,"PHOSPHATIDYLINOSITOL 4-PHOSPHATE 5-KINASE, TYPE I, GAMMA; PIP5K1C",O60331
DDR2,191311,"DISCOIDIN DOMAIN RECEPTOR FAMILY, MEMBER 2; DDR2",Q16832
PRKG1,176894,"PROTEIN KINASE, cGMP-DEPENDENT, REGULATORY, TYPE I; PRKG1",Q13976
EIF2AK4,609280,EUKARYOTIC TRANSLATION INITIATION FACTOR 2-ALPHA KINASE 4; EIF2AK4,Q9P2K8
NUAK2,608131,"NUAK FAMILY, SNF1-LIKE KINASE, 2; NUAK2",Q9H093
MAK,154235,MALE GERM CELL-ASSOCIATED KINASE; MAK,P20794
TLK2,608439,TOUSLED-LIKE KINASE 2; TLK2,Q86UE8
ALPK1,607347,ALPHA KINASE 1; ALPK1,Q96QP1
GUCY2C,601330,GUANYLATE CYCLASE 2C; GUCY2C,P25092
PI4KB,602758,"PHOSPHATIDYLINOSITOL 4-KINASE, BETA; PI4KB",Q9UBF8
PRKDC,600899,"PROTEIN KINASE, DNA-ACTIVATED, CATALYTIC SUBUNIT; PRKDC",P78527
KIT,164920,"KIT PROTOONCOGENE, RECEPTOR TYROSINE KINASE; KIT",P10721
SRC,190090,"SRC PROTOONCOGENE, NONRECEPTOR TYROSINE KINASE; SRC",P12931
TIE1,600222,TYROSINE KINASE WITH IMMUNOGLOBULIN AND EGF FACTOR HOMOLOGY DOMAINS 1; TIE1,P35590
JAK3,600173,JANUS KINASE 3; JAK3,P52333
EGFR,131550,EPIDERMAL GROWTH FACTOR RECEPTOR; EGFR,P00533
TBCK,616899,TBC1 DOMAIN-CONTAINING KINASE; TBCK,Q8TEA7
PIK3CD,602839,"PHOSPHATIDYLINOSITOL 3-KINASE, CATALYTIC, DELTA; PIK3CD",O00329
CSNK1D,600864,"CASEIN KINASE I, DELTA; CSNK1D",P48730
EPHA2,176946,EPHRIN RECEPTOR EphA2; EPHA2,P29317
LCK,153390,"LCK PROTOONCOGENE, SRC FAMILY TYROSINE KINASE; LCK",P06239
CSF1R,164770,COLONY-STIMULATING FACTOR 1 RECEPTOR; CSF1R,P07333
PAK3,300142,p21 PROTEIN-ACTIVATED KINASE 3; PAK3,O75914
CSNK1G1,606274,"CASEIN KINASE I, GAMMA-1; CSNK1G1",Q9HCP0
SIK1,605705,SALT-INDUCIBLE KINASE 1; SIK1,P57059
FGFR4,134935,FIBROBLAST GROWTH FACTOR RECEPTOR 4; FGFR4,P22455
PRKCE,176975,"PROTEIN KINASE C, EPSILON; PRKCE",Q02156
CAMK2G,602123,CALCIUM/CALMODULIN-DEPENDENT PROTEIN KINASE II-GAMMA; CAMK2G,Q13555
MAP3K20,609479,MITOGEN-ACTIVATED PROTEIN KINASE KINASE KINASE 20; MAP3K20,Q9NYL2
EPHB4,600011,EPHRIN RECEPTOR EphB4; EPHB4,P54760
MAP3K14,604655,MITOGEN-ACTIVATED PROTEIN KINASE KINASE KINASE 14; MAP3K14,Q99558
COQ8B,615567,COENZYME Q8B; COQ8B,Q96D53
SIK3,614776,SIK FAMILY KINASE 3; SIK3,Q9Y2K2
STK11,602216,SERINE/THREONINE PROTEIN KINASE 11; STK11,Q15831
MYLK,600922,MYOSIN LIGHT CHAIN KINASE; MYLK,Q15746
AMHR2,600956,ANTI-MULLERIAN HORMONE TYPE II RECEPTOR; AMHR2,Q16671
BTK,300300,BRUTON AGAMMAGLOBULINEMIA TYROSINE KINASE; BTK,Q06187
SCYL2,616365,SCY1-LIKE PROTEIN 2; SCYL2,Q6P3W7
ITPKC,606476,"INOSITOL 1,4,5-TRISPHOSPHATE 3-KINASE C; ITPKC",Q96DU7
MAP4K4,604666,MITOGEN-ACTIVATED PROTEIN KINASE KINASE KINASE KINASE 4; MAP4K4,O95819
TNIK,610005,TRAF2- AND NCK-INTERACTING KINASE; TNIK,Q9UKE5
STKLD1,618530,SERINE/THREONINE KINASE-LIKE DOMAIN-CONTAINING PROTEIN 1; STKLD1,Q8NE28
MAST1,612256,MICROTUBULE-ASSOCIATED SERINE/THREONINE KINASE 1; MAST1,Q9Y2H9
MYO3A,606808,MYOSIN IIIA; MYO3A,Q8NEV4
GUCY2D,600179,"GUANYLATE CYCLASE 2D, RETINAL; GUCY2D",Q02846
MOS,190060,"MOS PROTOONCOGENE, SERINE/THREONINE KINASE; MOS",P00540
PRKACG,176893,"PROTEIN KINASE, cAMP-DEPENDENT, CATALYTIC, GAMMA; PRKACG",P22612
PHKG2,172471,"PHOSPHORYLASE KINASE, TESTIS/LIVER, GAMMA-2; PHKG2",P15735
IGF1R,147370,INSULIN-LIKE GROWTH FACTOR I RECEPTOR; IGF1R,P08069
OBSCN,608616,OBSCURIN; OBSCN,Q5VST9
